{
    "palm": [],
    "f11": [],
    "f12": [],
    "f13": [],
    "f14": [[0.019695, -0.0034802, 0]],
    "f21": [],
    "f22": [],
    "f23": [],
    "f24": [[0.019695, -0.0034802, 0]],
    "f31": [],
    "f32": [],
    "f33": [],
    "f34": [[0.021134, 0.0011803, 0]],
    "f41": [],
    "f42": [],
    "f43": [],
    "f44": [[0.021123, 0.0013734, 0]],
    "f51": [],
    "f52": [],
    "f53": [],
    "f54": [[0.024, 0.0044004, 0]]
}